" ";"Instrument";"Test";"QC";"QC lot No.";"Target mean";"Target SD";"SDI";"Number of values";"Bias";"Calculated mean";"Calculated SD";"CV%";"Usage"
"";"C6000-B:C2";"ADENOSINE DEAMINASE FLUID";"ADA 1";"101220";"29,800";"1,800";"0,382";"23";"0,023";"30,487";"0,597";"1,959";"In use"
"";"C6000-B:C2";"ADENOSINE DEAMINASE FLUID";"ADA 2";"201220";"141,000";"8,000";"0,306";"23";"0,017";"143,448";"7,007";"4,885";"In use"
"";"C6000-B:C2";"ADENOSINE DEAMINASE FLUID";"ADA 0";"01220";"11,300";"0,600";"0,217";"23";"0,012";"11,430";"0,365";"3,192";"In use"
"";"C6000-A:E1-1";"ADRENOCORTICOTROPIC HORMONE";"PC MM1";"563238";"9,500";"0,500";"0,500";"5";"0,026";"9,750";"0,327";"3,357";"In use"
"";"C6000-A:E1-1";"ADRENOCORTICOTROPIC HORMONE";"PC MM2";"563239";"207,300";"10,800";"0,037";"5";"0,002";"207,700";"8,132";"3,915";"In use"
"";"C6000-A:C1";"ALANINE TRANSAMINASE";"PCCC 1";"525205";"48,900";"2,900";"-0,584";"51";"-0,035";"47,206";"1,214";"2,573";"In use"
"";"C6000-A:C1";"ALANINE TRANSAMINASE";"PCCC 2";"535719";"127,000";"8,000";"-0,780";"47";"-0,049";"120,760";"3,924";"3,249";"In use"
"";"C6000-B:C2";"ALANINE TRANSAMINASE";"PCCC 2-B";"535719";"127,000";"8,000";"-0,632";"41";"-0,040";"121,941";"4,897";"4,016";"In use"
"";"C6000-B:C2";"ALANINE TRANSAMINASE";"PCCC 1-B";"525205";"48,900";"2,900";"-0,480";"47";"-0,028";"47,509";"1,637";"3,445";"In use"
"";"C6000-B:C2";"ALBUMIN";"s-PCCC 2-B";"535719";"48,800";"2,900";"-0,133";"67";"-0,008";"48,415";"1,533";"3,166";"In use"
"";"C6000-A:C1";"ALBUMIN";"PCCC 1";"525205";"32,100";"1,900";"0,217";"44";"0,013";"32,511";"1,153";"3,545";"In use"
"";"C6000-A:C1";"ALBUMIN";"PCCC 2";"535719";"48,800";"2,900";"0,073";"43";"0,004";"49,012";"1,589";"3,242";"In use"
"";"C6000-B:C2";"ALBUMIN";"s-PCCC 1-B";"525205";"32,100";"1,900";"-0,256";"68";"-0,015";"31,613";"1,013";"3,204";"In use"
"";"C6000-A:C1";"ALBUMIN CSF";"PPPUC TPC3";"646927";"116,000";"9,000";"0,787";"47";"0,061";"123,081";"5,580";"4,534";"In use"
"";"C6000-A:C1";"ALBUMIN CSF";"LIQ SFC2";"56532";"318,100";"13,400";"-0,939";"45";"-0,040";"305,522";"9,848";"3,223";"In use"
"";"C6000-A:C1";"ALBUMIN URINE";"Ran-Liq 2";"1209UC";"24,100";"2,400";"-0,703";"8";"-0,070";"22,413";"0,874";"3,900";"Study"
"";"C6000-A:C1";"ALBUMIN URINE";"Ran-Liq 3";"1210UC";"64,100";"6,400";"-0,172";"8";"-0,017";"63,000";"1,714";"2,720";"Study"
"";"C6000-A:C1";"ALBUMIN URINE";"Ran-Liq 3";"1238UC";"62,400";"6,250";"0,036";"35";"0,004";"62,623";"1,446";"2,310";"In use"
"";"C6000-A:C1";"ALBUMIN URINE";"Ran-Liq 2";"1237UC";"24,000";"2,400";"0,096";"38";"0,010";"24,232";"1,417";"5,848";"In use"
"";"LIAISON XL";"ALDO";"ALDO L1";"229352";"178,390";"17,820";"1,227";"8";"0,123";"200,250";"16,816";"8,398";"In use"
"";"LIAISON XL";"ALDO";"ALDO L2";"230352";"918,235";"91,878";"0,445";"7";"0,045";"959,143";"39,541";"4,123";"In use"
"";"C6000-B:C2";"ALKALINE PHOSPHATASE";"s-PCCC 2-B";"535719";"267,000";"16,000";"-0,762";"70";"-0,046";"254,814";"7,024";"2,757";"In use"
"";"C6000-A:C1";"ALKALINE PHOSPHATASE";"s-PCCC 2";"535719";"267,000";"16,000";"-0,581";"70";"-0,035";"257,700";"9,177";"3,561";"In use"
"";"C6000-A:C1";"ALKALINE PHOSPHATASE";"s-PCCC 1";"525205";"101,000";"6,000";"-0,734";"74";"-0,044";"96,595";"4,614";"4,776";"In use"
"";"C6000-B:C2";"ALKALINE PHOSPHATASE";"s-PCCC 1-B";"525205";"101,000";"6,000";"-0,876";"70";"-0,052";"95,743";"3,829";"3,999";"In use"
"";"C6000-B:C2";"ALPHA 1-ANTITRYPSIN";"PCCC 2-B";"535719";"1,320";"0,110";"0,296";"29";"0,025";"1,353";"0,019";"1,420";"In use"
"";"C6000-B:C2";"ALPHA 1-ANTITRYPSIN";"PCCC 1-B";"525205";"0,883";"0,071";"0,458";"35";"0,037";"0,916";"0,015";"1,639";"In use"
"";"C6000-A:E1-1";"ALPHA-FETO PROTEIN";"RIAP L3";"2181EC";"218,000";"22,000";"-0,369";"37";"-0,037";"209,876";"7,808";"3,720";"In use"
"";"C6000-A:E1-1";"ALPHA-FETO PROTEIN";"RIAP L1";"2179EC";"10,600";"1,040";"-0,357";"36";"-0,035";"10,229";"0,575";"5,620";"In use"
"";"C6000-B:C2";"AMMONIA";"AMM-N";"644004";"62,500";"4,200";"0,254";"34";"0,017";"63,566";"1,733";"2,726";"In use"
"";"C6000-B:C2";"AMMONIA";"AMM-P";"644006";"228,000";"15,000";"0,029";"35";"0,002";"228,442";"3,354";"1,468";"In use"
"";"C6000-A:E2-2";"Anti-Mullerian Hormone";"PC AMH 1";"670151";"8,000";"0,560";"-0,190";"6";"-0,013";"7,893";"0,207";"2,624";"In use"
"";"C6000-A:E2-2";"Anti-Mullerian Hormone";"PC AMH 2";"670154";"39,700";"1,990";"-0,104";"6";"-0,005";"39,493";"1,468";"3,717";"In use"
"";"C6000-A:E2-1";"ANTI-THYROGLOBULIN AB";"PC THYRO1";"669238";"58,000";"5,800";"0,759";"28";"0,076";"62,404";"2,520";"4,038";"In use"
"";"C6000-A:E2-1";"ANTI-THYROGLOBULIN AB";"PC THYRO2";"669239";"195,000";"19,500";"0,402";"28";"0,040";"202,836";"9,586";"4,726";"In use"
"";"C6000-A:E1-1";"ANTI-THYROID PEROXIDASE AB";"PC THYRO1";"669238";"47,300";"4,730";"0,568";"9";"0,057";"49,987";"4,824";"9,652";"In use"
"";"C6000-A:E1-1";"ANTI-THYROID PEROXIDASE AB";"PC THYRO2";"669239";"109,000";"7,630";"0,740";"9";"0,052";"114,644";"5,843";"5,097";"In use"
"";"C6000-B:C2";"APOPROTEIN A";"PCCC 2-B";"535719";"1,660";"0,130";"0,358";"10";"0,028";"1,707";"0,058";"3,399";"In use"
"";"C6000-B:C2";"APOPROTEIN A";"PCCC 1-B";"525205";"1,100";"0,090";"0,319";"10";"0,026";"1,129";"0,044";"3,894";"In use"
"";"C6000-B:C2";"APOPROTEIN B";"PCCC 2-B";"535719";"0,762";"0,061";"0,220";"9";"0,018";"0,775";"0,012";"1,546";"In use"
"";"C6000-B:C2";"APOPROTEIN B";"PCCC 1-B";"525205";"0,484";"0,039";"0,815";"9";"0,066";"0,516";"0,013";"2,540";"In use"
"";"C6000-A:C1";"ASPARTATE TRANSAMINASE";"PCCC 1";"525205";"44,700";"2,700";"-0,415";"43";"-0,025";"43,579";"0,786";"1,804";"In use"
"";"C6000-A:C1";"ASPARTATE TRANSAMINASE";"PCCC 2";"535719";"143,000";"9,000";"-0,690";"42";"-0,043";"136,790";"2,683";"1,961";"In use"
"";"C6000-B:C2";"ASPARTATE TRANSAMINASE";"PCCC 2-B";"535719";"143,000";"9,000";"-0,623";"41";"-0,039";"137,390";"2,727";"1,985";"In use"
"";"C6000-B:C2";"ASPARTATE TRANSAMINASE";"PCCC 1-B";"525205";"44,700";"2,700";"-0,342";"48";"-0,021";"43,777";"1,293";"2,954";"In use"
"";"C6000-B:E3-2";"BETA-HCG";"RIAP L1-B";"2179EC";"11,400";"1,140";"0,155";"37";"0,015";"11,576";"0,269";"2,327";"In use"
"";"C6000-B:E3-2";"BETA-HCG";"RIAP L3-B";"2181EC";"272,000";"27,000";"-0,359";"36";"-0,036";"262,297";"7,018";"2,675";"In use"
"";"C6000-A:E1-1";"BETA-HCG";"RIAP L3";"2181EC";"272,000";"27,000";"-0,587";"38";"-0,058";"256,147";"9,869";"3,853";"In use"
"";"C6000-A:E1-1";"BETA-HCG";"RIAP L1";"2179EC";"11,400";"1,140";"0,035";"38";"0,003";"11,440";"0,620";"5,422";"In use"
"";"C6000-B:C2";"BICARBONATE";"AMM-N";"644004";"17,000";"1,000";"0,812";"34";"0,048";"17,812";"0,766";"4,302";"In use"
"";"C6000-B:C2";"BICARBONATE";"AMM-P";"644006";"30,500";"1,800";"-0,441";"33";"-0,026";"29,706";"0,658";"2,214";"In use"
"";"C6000-A:E2-1";"CA 125";"RIAP L3";"2181EC";"182,000";"18,000";"0,506";"39";"0,050";"191,110";"6,437";"3,368";"In use"
"";"C6000-A:E2-1";"CA 125";"RIAP L1";"2179EC";"19,000";"1,900";"0,377";"37";"0,038";"19,717";"0,909";"4,613";"In use"
"";"C6000-A:E2-1";"CA 19-9";"RIAP L3";"2181EC";"165,000";"16,500";"0,255";"40";"0,025";"169,203";"7,397";"4,371";"In use"
"";"C6000-A:E2-1";"CA 19-9";"RIAP L1";"2179EC";"20,800";"2,100";"0,259";"39";"0,026";"21,344";"0,947";"4,436";"In use"
"";"C6000-A:C1";"CALCIUM";"PCCC 1";"525205";"2,140";"0,090";"-0,543";"44";"-0,023";"2,091";"0,033";"1,595";"In use"
"";"C6000-A:C1";"CALCIUM";"PCCC 2";"535719";"3,470";"0,140";"-0,478";"43";"-0,019";"3,403";"0,050";"1,470";"In use"
"";"C6000-B:C2";"CALCIUM";"PCCC 2-B";"535719";"3,470";"0,140";"-0,364";"40";"-0,015";"3,419";"0,043";"1,265";"In use"
"";"C6000-B:C2";"CALCIUM";"PCCC 1-B";"525205";"2,140";"0,090";"-0,644";"48";"-0,027";"2,082";"0,051";"2,429";"In use"
"";"C6000-B:C2";"CALCIUM URINE";"Ran-Liq 2";"1209UC";"1,950";"0,100";"0,443";"7";"0,023";"1,994";"0,071";"3,579";"Study"
"";"C6000-B:C2";"CALCIUM URINE";"Ran-Liq 3";"1210UC";"2,830";"0,140";"0,235";"7";"0,012";"2,863";"0,073";"2,565";"Study"
"";"C6000-B:C2";"CALCIUM URINE";"Ran-Liq 3";"1238UC";"2,780";"0,140";"0,020";"28";"0,001";"2,783";"0,061";"2,202";"In use"
"";"C6000-B:C2";"CALCIUM URINE";"Ran-Liq 2";"1237UC";"1,870";"0,100";"0,125";"28";"0,007";"1,883";"0,045";"2,387";"In use"
"";"C6000-A:E1-2";"CARCINOEMBRYONIC AG";"RIAP L3";"2181EC";"50,000";"5,000";"0,566";"34";"0,057";"52,831";"2,601";"4,923";"In use"
"";"C6000-A:E1-2";"CARCINOEMBRYONIC AG";"RIAP L1";"2179EC";"4,080";"0,410";"0,405";"32";"0,041";"4,246";"0,229";"5,400";"In use"
"";"C6000-B:ISE1";"CHLORIDE";"s-PCCC 2-B";"535719";"106,000";"3,000";"0,223";"82";"0,006";"106,668";"2,191";"2,054";"In use"
"";"C6000-A:ISE1";"CHLORIDE";"s-PCCC 2";"535719";"103,000";"3,000";"0,802";"95";"0,023";"105,407";"1,817";"1,724";"In use"
"";"C6000-A:ISE1";"CHLORIDE";"s-PCCC 1";"525205";"83,700";"2,500";"0,308";"95";"0,009";"84,471";"1,672";"1,979";"In use"
"";"C6000-B:ISE1";"CHLORIDE";"s-PCCC 1-B";"525205";"83,700";"2,500";"0,664";"83";"0,020";"85,359";"2,038";"2,388";"In use"
"";"C6000-B:ISE1";"CHLORIDE URINE";"Ran-Liq 2";"1209UC";"69,600";"5,200";"0,086";"11";"0,006";"70,045";"3,918";"5,593";"Study"
"";"C6000-B:ISE1";"CHLORIDE URINE";"Ran-Liq 3";"1210UC";"170,000";"12,500";"0,033";"11";"0,002";"170,418";"10,063";"5,905";"Study"
"";"C6000-B:ISE1";"CHLORIDE URINE";"Ran-Liq 3";"1238UC";"181,000";"13,500";"-0,146";"33";"-0,011";"179,024";"2,437";"1,361";"In use"
"";"C6000-B:ISE1";"CHLORIDE URINE";"Ran-Liq 2";"1237UC";"76,200";"5,700";"0,567";"32";"0,042";"79,431";"1,791";"2,255";"In use"
"";"C6000-B:E3-2";"CMV IGG";"PC CMVIGG1";"615232";"1,122";"0,075";"-0,020";"32";"-0,001";"1,121";"0,041";"3,677";"In use"
"";"C6000-B:E3-2";"CMV IGG";"PC CMVIGG2";"615234";"20,338";"0,700";"0,287";"33";"0,010";"20,539";"0,655";"3,190";"In use"
"";"C6000-B:C2";"COMPLEMENT C3";"PCCC 2-B";"535719";"1,550";"0,120";"0,438";"28";"0,034";"1,603";"0,055";"3,416";"In use"
"";"C6000-B:C2";"COMPLEMENT C3";"PCCC 1-B";"525205";"0,926";"0,074";"0,718";"34";"0,057";"0,979";"0,033";"3,336";"In use"
"";"C6000-B:C2";"COMPLEMENT C4";"PCCC 2-B";"535719";"0,227";"0,018";"-0,200";"27";"-0,016";"0,223";"0,003";"1,444";"In use"
"";"C6000-B:C2";"COMPLEMENT C4";"PCCC 1-B";"525205";"0,145";"0,012";"-0,490";"32";"-0,041";"0,139";"0,003";"2,256";"In use"
"";"C6000-A:C1";"CONJUGATED BILIRUBIN";"MAS BILIRUBIN 3";"BC24033A";"177,000";"17,300";"-0,130";"36";"-0,013";"174,744";"5,192";"2,971";"In use"
"";"C6000-B:C2";"CONJUGATED BILIRUBIN";"MAS BILIRUBIN-B";"BC24033A";"177,000";"17,300";"-0,080";"35";"-0,008";"175,609";"6,322";"3,600";"In use"
"";"C6000-A:C1";"CONJUGATED BILIRUBIN";"PCCC 1";"525205";"16,400";"1,300";"-0,132";"45";"-0,010";"16,229";"0,607";"3,738";"In use"
"";"C6000-A:C1";"CONJUGATED BILIRUBIN";"PCCC 2";"535719";"44,900";"3,600";"-0,343";"44";"-0,027";"43,666";"1,324";"3,032";"In use"
"";"C6000-B:C2";"CONJUGATED BILIRUBIN";"PCCC 2-B";"535719";"44,900";"3,600";"-0,306";"37";"-0,025";"43,797";"1,305";"2,979";"In use"
"";"C6000-B:C2";"CONJUGATED BILIRUBIN";"PCCC 1-B";"525205";"16,400";"1,300";"-0,021";"44";"-0,002";"16,373";"0,505";"3,082";"In use"
"";"C6000-A:E1-2";"CORTISOL II";"RIAP L1";"2179EC";"201,000";"25,000";"-0,119";"39";"-0,015";"198,015";"6,715";"3,391";"In use"
"";"C6000-A:E1-2";"CORTISOL II";"RIAP L2";"2228EC";"660,000";"82,500";"-0,009";"38";"-0,001";"659,237";"19,443";"2,949";"In use"
"";"C6000-A:E2-2";"C-peptide";"RIAP L1";"2179EC";"1,940";"0,160";"-1,167";"54";"-0,096";"1,753";"0,125";"7,149";"In use"
"";"C6000-A:E2-2";"C-peptide";"RIAP L2";"2228EC";"6,160";"0,770";"-0,301";"52";"-0,038";"5,928";"0,406";"6,854";"In use"
"";"C6000-A:C1";"C-REACTIVE PROTEIN";"PCCC 1";"525205";"5,680";"0,210";"-0,654";"41";"-0,024";"5,543";"0,101";"1,815";"In use"
"";"C6000-A:C1";"C-REACTIVE PROTEIN";"PCCC 2";"535719";"51,400";"3,400";"-0,455";"40";"-0,030";"49,853";"1,486";"2,981";"In use"
"";"C6000-B:C2";"C-REACTIVE PROTEIN";"PCCC 2-B";"535719";"51,400";"3,400";"-0,128";"38";"-0,008";"50,964";"1,570";"3,080";"In use"
"";"C6000-B:C2";"C-REACTIVE PROTEIN";"PCCC 1-B";"525205";"5,680";"0,210";"-0,700";"44";"-0,026";"5,533";"0,125";"2,251";"In use"
"";"C6000-A:C1";"CREATINE KINASE Gen 2";"PCCC 1";"525205";"153,000";"9,000";"-0,393";"39";"-0,023";"149,462";"1,945";"1,301";"In use"
"";"C6000-A:C1";"CREATINE KINASE Gen 2";"PCCC 2";"535719";"267,000";"16,000";"-0,263";"38";"-0,016";"262,789";"2,961";"1,127";"In use"
"";"C6000-A:C1";"CREATININE";"PCCC 1";"525205";"88,700";"5,300";"0,068";"117";"0,004";"89,060";"1,984";"2,228";"In use"
"";"C6000-A:C1";"CREATININE";"PCCC 2";"535719";"329,000";"20,000";"0,199";"115";"0,012";"332,983";"7,183";"2,157";"In use"
"";"C6000-B:C2";"CREATININE";"PCCC 2-B";"535719";"329,000";"20,000";"-0,424";"109";"-0,026";"320,514";"6,271";"1,957";"In use"
"";"C6000-B:C2";"CREATININE";"PCCC 1-B";"525205";"88,700";"5,300";"-0,379";"111";"-0,023";"86,694";"1,589";"1,832";"In use"
"";"C6000-A:C1";"CREATININE URINE";"Ran-Liq 2";"1209UC";"6,860";"0,690";"-0,977";"9";"-0,098";"6,186";"0,100";"1,612";"Study"
"";"C6000-A:C1";"CREATININE URINE";"Ran-Liq 3";"1210UC";"15,600";"1,550";"-0,953";"8";"-0,095";"14,123";"0,208";"1,476";"Study"
"";"C6000-A:C1";"CREATININE URINE";"Ran-Liq 3";"1238UC";"15,500";"1,550";"-0,290";"92";"-0,029";"15,050";"0,428";"2,841";"In use"
"";"C6000-A:C1";"CREATININE URINE";"Ran-Liq 2";"1237UC";"6,680";"0,670";"-0,326";"96";"-0,033";"6,461";"0,171";"2,652";"In use"
"";"DCA UCT";"CREATP";"DCA MALB/CREAT HIGH";"0060";"36,500";"2,433";"0,144";"2";"0,010";"36,850";"0,212";"0,576";"In use"
"";"DCA UCT";"CREATP";"DCA MALB/ CREAT LOW";"0060";"9,100";"0,600";"-0,333";"2";"-0,022";"8,900";"0,141";"1,589";"In use"
"";"LIAISON XL";"Cytomegalovirus IgM";"CMV IgM II NC";"2520210";"5,000";"0,667";"0,000";"4";"0,000";"5,000";"0,000";"0,000";"In use"
"";"LIAISON XL";"Cytomegalovirus IgM";"CMV IgM II PC";"2530210";"30,950";"5,500";"1,245";"4";"0,221";"37,800";"0,779";"2,061";"In use"
"";"C6000-A:E2-2";"DEHYDROEPIANDROSTERONE SULPHAT";"RIAP L1";"2179EC";"2,680";"0,270";"0,311";"36";"0,031";"2,764";"0,276";"9,993";"In use"
"";"C6000-A:E2-2";"DEHYDROEPIANDROSTERONE SULPHAT";"RIAP L2";"2228EC";"17,500";"1,750";"0,233";"38";"0,023";"17,908";"1,611";"8,998";"In use"
"";"LIAISON XL";"Epstein Barr Virus NA IgG";"EBNA IgG NC";"5400480";"3,000";"0,667";"0,000";"5";"0,000";"3,000";"0,000";"0,000";"In use"
"";"LIAISON XL";"Epstein Barr Virus NA IgG";"EBNA IgG PC";"5630470";"61,000";"9,000";"-0,187";"5";"-0,028";"59,320";"1,246";"2,100";"In use"
"";"LIAISON XL";"Epstein Barr Virus VCA IgM";"EBV IgM NC";"5420510";"10,000";"2,500";"0,000";"4";"0,000";"10,000";"0,000";"0,000";"In use"
"";"LIAISON XL";"Epstein Barr Virus VCA IgM";"EBV IgM PC";"5650560";"95,600";"14,133";"-1,477";"4";"-0,218";"74,725";"2,532";"3,388";"In use"
"";"C6000-A";"FERRITIN";"PC V1";"612148";"146,000";"13,100";"0,170";"3";"0,015";"148,233";"4,136";"2,790";"In use"
"";"C6000-A:E2-1";"FERRITIN";"PC V1";"612148";"146,000";"13,100";"0,032";"51";"0,003";"146,425";"2,376";"1,623";"In use"
"";"C6000-A:E2-1";"FERRITIN";"sRIAP L1";"2179EC";"20,570";"2,030";"1,559";"92";"0,154";"23,735";"1,108";"4,669";"In use"
"";"C6000-A:E2-1";"FERRITIN";"RIAP L3";"2181EC";"318,000";"32,000";"0,802";"45";"0,081";"343,664";"10,233";"2,978";"In use"
"";"C6000-A:E2-1";"FERRITIN";"sRIAP L3";"2181EC";"318,000";"32,000";"0,765";"90";"0,077";"342,476";"7,125";"2,081";"In use"
"";"C6000-A:E1-2";"FOLLICLE STIMULATING HORMONE";"RIAP L3";"2181EC";"54,200";"5,400";"0,484";"37";"0,048";"56,815";"1,230";"2,165";"In use"
"";"C6000-A:E1-2";"FOLLICLE STIMULATING HORMONE";"RIAP L1";"2179EC";"6,030";"0,605";"0,927";"39";"0,093";"6,591";"0,155";"2,359";"In use"
"";"C6000-A:E1-2";"FREE PSA";"RIAP L1";"2179EC";"1,190";"0,149";"-0,294";"35";"-0,037";"1,146";"0,048";"4,206";"In use"
"";"C6000-A:E1-2";"FREE PSA";"RIAP L2";"2228EC";"9,210";"1,150";"-0,141";"34";"-0,018";"9,047";"0,255";"2,819";"In use"
"";"C6000-A:E1-1";"Free T4 Gen 3";"sRIAP L1";"2179EC";"13,700";"1,700";"0,147";"77";"0,018";"13,951";"0,712";"5,101";"In use"
"";"C6000-A:E1-1";"Free T4 Gen 3";"sRIAP L2";"2228EC";"29,900";"3,750";"0,099";"76";"0,012";"30,272";"1,288";"4,253";"In use"
"";"C6000-A:C1";"GAMMA-GLUTAMYL TRANSFERASE";"PCCC 1";"525205";"58,200";"3,500";"-0,258";"44";"-0,016";"57,295";"0,851";"1,486";"In use"
"";"C6000-A:C1";"GAMMA-GLUTAMYL TRANSFERASE";"PCCC 2";"535719";"229,000";"14,000";"-0,350";"43";"-0,021";"224,093";"3,315";"1,479";"In use"
"";"C6000-B:C2";"GAMMA-GLUTAMYL TRANSFERASE";"PCCC 2-B";"535719";"229,000";"14,000";"-0,474";"38";"-0,029";"222,368";"2,432";"1,094";"In use"
"";"C6000-B:C2";"GAMMA-GLUTAMYL TRANSFERASE";"PCCC 1-B";"525205";"58,200";"3,500";"-0,518";"44";"-0,031";"56,386";"1,298";"2,302";"In use"
"";"C6000-A:C1";"GLUCOSE";"PCCC 1";"525205";"5,760";"0,290";"-0,409";"41";"-0,021";"5,641";"0,081";"1,432";"In use"
"";"C6000-A:C1";"GLUCOSE";"PCCC 2";"535719";"13,600";"0,700";"-0,656";"39";"-0,034";"13,141";"0,170";"1,294";"In use"
"";"C6000-B:C2";"GLUCOSE";"PCCC 2-B";"535719";"13,600";"0,700";"-0,504";"35";"-0,026";"13,247";"0,268";"2,020";"In use"
"";"C6000-B:C2";"GLUCOSE";"PCCC 1-B";"525205";"5,760";"0,290";"-0,327";"41";"-0,016";"5,665";"0,116";"2,054";"In use"
"";"C6000-A:C1";"GLYCATED HAEMOGLOBIN (NGSP)";"PCA1P";"617429";"9,690";"0,580";"-0,350";"55";"-0,021";"9,487";"0,206";"2,166";"In use"
"";"C6000-B:C2";"GLYCATED HAEMOGLOBIN (NGSP)";"PCA1P";"617429";"9,690";"0,580";"0,078";"81";"0,005";"9,735";"0,132";"1,355";"In use"
"";"C6000-B:C2";"GLYCATED HAEMOGLOBIN (NGSP)";"PCA1N";"617428";"5,700";"0,340";"0,150";"81";"0,009";"5,751";"0,105";"1,824";"In use"
"";"C6000-A:C1";"GLYCATED HAEMOGLOBIN (NGSP)";"PCA1N-VER";"617428";"5,700";"0,340";"-0,128";"55";"-0,008";"5,656";"0,096";"1,693";"In use"
"";"C6000-A:C1";"H INDEX";"HAEMOL";"88270";"200,000";"20,000";"0,071";"7";"0,007";"201,429";"4,429";"2,199";"In use"
"";"C6000-A";"H INDEX";"HAEMOL";"88270";"200,000";"20,000";"0,000";"1";"0,000";"200,000";"0,000";"0,000";"In use"
"";"C6000-B:C2";"H INDEX";"HAEMOL-B";"88270";"200,000";"20,000";"-0,113";"4";"-0,011";"197,750";"2,500";"1,264";"In use"
"";"C6000-B:ISE1";"H INDEX";"HAEMOL-B";"88270";"200,000";"20,000";"-0,150";"1";"-0,015";"197,000";"0,000";"0,000";"In use"
"";"C6000-B:C2";"HAPTOGLOBIN";"PCCC 2-B";"535719";"1,210";"0,100";"0,451";"40";"0,037";"1,255";"0,016";"1,296";"In use"
"";"C6000-B:C2";"HAPTOGLOBIN";"PCCC 1-B";"525205";"0,765";"0,061";"0,661";"44";"0,053";"0,805";"0,014";"1,702";"In use"
"";"DCA OPD";"HBA1C POC";"DCA  HBA1c Normal";"0169";"5,100";"0,330";"0,152";"2";"0,010";"5,150";"0,071";"1,373";"In use"
"";"DCA UCT";"HBA1C POC";"DCA  HBA1c Normal";"0169";"5,100";"0,330";"0,303";"2";"0,020";"5,200";"0,000";"0,000";"In use"
"";"DCA OPD";"HBA1C POC";"DCA  HBA1c Abnormal";"0169";"10,800";"0,733";"0,182";"3";"0,012";"10,933";"0,058";"0,528";"In use"
"";"DCA UCT";"HBA1C POC";"DCA  HBA1c Abnormal";"0169";"10,800";"0,733";"0,205";"2";"0,014";"10,950";"0,212";"1,937";"In use"
"";"C6000-A:C1";"HDL CHOLESTEROL";"PCCC 1";"525205";"0,719";"0,058";"1,056";"39";"0,085";"0,780";"0,018";"2,343";"In use"
"";"C6000-A:C1";"HDL CHOLESTEROL";"PCCC 2";"535719";"1,520";"0,120";"0,772";"38";"0,061";"1,613";"0,040";"2,496";"In use"
"";"C6000-B:E3-2";"HEP A IGM";"PC HAVIGM1";"641894";"0,279";"0,011";"0,422";"3";"0,017";"0,284";"0,003";"0,887";"Study"
"";"C6000-B:E3-2";"HEP A IGM";"PC HAVIGM2";"641897";"2,370";"0,320";"-2,300";"5";"-0,311";"1,634";"1,232";"75,387";"Study"
"";"C6000-B:E3-2";"HEP A IGM";"PC HAVIGM1";"684476";"0,250";"0,083";"0,382";"37";"0,127";"0,282";"0,007";"2,494";"In use"
"";"C6000-B:E3-2";"HEP A IGM";"PC HAVIGM2";"684478";"2,401";"0,350";"-0,168";"36";"-0,024";"2,343";"0,139";"5,926";"In use"
"";"C6000-B:E3-2";"HEP A TOTAL";"PC HAV1";"629185";"1,330";"0,080";"-0,138";"40";"-0,008";"1,319";"0,037";"2,778";"In use"
"";"C6000-B:E3-2";"HEP A TOTAL";"PC HAV2";"629243";"0,362";"0,040";"-0,140";"40";"-0,015";"0,356";"0,009";"2,523";"In use"
"";"C6000-B:E3-1";"HEP B CORE IGM";"PC HBCIGM1";"582184";"0,062";"0,010";"-0,551";"40";"-0,088";"0,057";"0,003";"5,723";"In use"
"";"C6000-B:E3-1";"HEP B CORE IGM";"PC HBCIGM2";"582187";"2,811";"0,300";"-0,413";"41";"-0,044";"2,688";"0,181";"6,748";"In use"
"";"C6000-B:E3-1";"HEP B CORE TOTAL AB";"PC AHBCII 1";"574638";"2,319";"0,070";"0,103";"34";"0,003";"2,326";"0,031";"1,351";"In use"
"";"C6000-B:E3-1";"HEP B CORE TOTAL AB";"PC AHBCII 2";"574635";"0,592";"0,035";"0,009";"34";"0,001";"0,592";"0,022";"3,667";"In use"
"";"C6000-B:E3-2";"HEP B SURFACE AB";"PC AHBS1";"664734";"2,000";"0,300";"0,000";"39";"0,000";"2,000";"0,000";"0,000";"In use"
"";"C6000-B:E3-2";"HEP B SURFACE AB";"PC AHBS2";"664737";"90,984";"4,000";"0,473";"40";"0,021";"92,877";"3,165";"3,408";"In use"
"";"C6000-B:E4-1";"HEP B SURFACE AG";"PC HBSAG2";"630816";"3,240";"0,120";"-0,349";"58";"-0,013";"3,198";"0,096";"3,010";"Study"
"";"C6000-B:E4-2";"HEP B SURFACE AG";"PC HBSAG2";"630816";"3,281";"0,120";"-0,100";"55";"-0,004";"3,269";"0,120";"3,667";"Study"
"";"C6000-B:E4-1";"HEP B SURFACE AG";"PC HBSAG1";"630808";"0,563";"0,055";"-0,339";"60";"-0,033";"0,544";"0,043";"7,940";"Study"
"";"C6000-B:E4-2";"HEP B SURFACE AG";"PC HBSAG1";"630808";"0,592";"0,055";"-0,013";"59";"-0,001";"0,591";"0,059";"10,059";"Study"
"";"C6000-B:E3-1";"HEP C ANTIBODY";"PC AHCV1";"629660";"0,056";"0,010";"0,489";"50";"0,087";"0,061";"0,003";"4,876";"In use"
"";"C6000-B:E3-1";"HEP C ANTIBODY";"PC AHCV2";"629665";"3,524";"0,150";"0,467";"50";"0,020";"3,594";"0,140";"3,901";"In use"
"";"LIAISON XL";"Hepatitis B E Ab";"a-HBeNeg";"2550271";"2,397";"0,375";"0,000";"6";"0,000";"2,397";"0,008";"0,341";"In use"
"";"LIAISON XL";"Hepatitis B E Ab";"a-HBePos";"5980581";"0,595";"0,102";"0,033";"6";"0,006";"0,598";"0,029";"4,863";"In use"
"";"LIAISON XL";"Hepatitis B E Ag";"HBEAG NC";"2540300";"0,030";"0,007";"-0,260";"3";"-0,058";"0,028";"0,002";"6,192";"In use"
"";"LIAISON XL";"Hepatitis B E Ag";"HBEAG PC";"5960570";"0,475";"0,108";"-0,369";"3";"-0,084";"0,435";"0,016";"3,591";"In use"
"";"LIAISON XL";"Herpes Simplex Virus 2 IgG";"HSV-2 IgG NC";"6700400";"0,500";"0,167";"0,000";"4";"0,000";"0,500";"0,000";"0,000";"In use"
"";"LIAISON XL";"Herpes Simplex Virus 2 IgG";"HSV-2 IgG PC";"6710400";"2,700";"0,433";"-0,381";"4";"-0,061";"2,535";"0,037";"1,458";"In use"
"";"LIAISON XL";"Herpes Simplex Virus IgM";"HSV-MNeg";"6720420";"0,500";"0,100";"0,000";"4";"0,000";"0,500";"0,000";"0,000";"In use"
"";"LIAISON XL";"Herpes Simplex Virus IgM";"HSV-MPos";"6860450";"1,660";"0,243";"-0,051";"4";"-0,008";"1,648";"0,045";"2,731";"In use"
"";"C6000-A:E2-1";"HIGH-SENSITIVITY TROPONIN T";"PC TN1";"629183";"28,600";"2,570";"0,056";"19";"0,005";"28,744";"1,331";"4,630";"Study"
"";"C6000-B:E3-1";"HIGH-SENSITIVITY TROPONIN T";"PC TN1-B";"629183";"28,600";"2,570";"0,668";"14";"0,060";"30,316";"0,626";"2,065";"Study"
"";"C6000-B:E3-1";"HIGH-SENSITIVITY TROPONIN T";"BIO CTC1-B";"89041";"17,990";"0,560";"1,123";"39";"0,035";"18,619";"0,435";"2,338";"In use"
"";"C6000-A:E2-1";"HIGH-SENSITIVITY TROPONIN T";"BIO CTC1";"89041";"17,990";"0,560";"1,095";"41";"0,034";"18,603";"1,153";"6,199";"In use"
"";"C6000-A:E2-1";"HIGH-SENSITIVITY TROPONIN T";"PC TN1";"657678";"29,100";"2,620";"0,166";"23";"0,015";"29,536";"1,852";"6,270";"In use"
"";"C6000-B:E3-1";"HIGH-SENSITIVITY TROPONIN T";"PC TN1-B";"657678";"29,100";"2,620";"0,236";"22";"0,021";"29,719";"0,449";"1,511";"In use"
"";"C6000-B:E4-1";"HIV combi PT";"PCII HIV1";"643861";"0,194";"0,040";"0,143";"58";"0,030";"0,200";"0,014";"6,992";"In use"
"";"C6000-B:E4-2";"HIV combi PT";"PCII HIV1";"643861";"0,196";"0,040";"0,191";"57";"0,039";"0,203";"0,017";"8,244";"In use"
"";"C6000-B:E4-1";"HIV combi PT";"PCII HIV2";"643864";"5,847";"0,250";"0,209";"59";"0,009";"5,899";"0,142";"2,414";"In use"
"";"C6000-B:E4-2";"HIV combi PT";"PCII HIV2";"643864";"5,908";"0,250";"0,129";"59";"0,005";"5,940";"0,163";"2,740";"In use"
"";"C6000-B:E4-1";"HIV combi PT";"PCII HIV3";"643866";"4,412";"0,250";"-0,130";"62";"-0,007";"4,379";"0,128";"2,920";"In use"
"";"C6000-B:E4-2";"HIV combi PT";"PCII HIV3";"643866";"4,440";"0,250";"-0,058";"58";"-0,003";"4,426";"0,154";"3,479";"In use"
"";"LIAISON XL";"Human growth hormone";"hGH L1";"7980320";"3,700";"0,247";"0,939";"6";"0,063";"3,932";"0,056";"1,415";"In use"
"";"LIAISON XL";"Human growth hormone";"hGH L2";"9260320";"17,350";"1,150";"1,275";"6";"0,085";"18,817";"0,387";"2,056";"In use"
"";"C6000-A:C1";"I INDEX";"HAEMOL";"88270";"0,000";"1,000";"0,000";"7";"NaN";"0,000";"0,000";"Incalculable";"In use"
"";"C6000-A";"I INDEX";"HAEMOL";"88270";"0,000";"1,000";"0,000";"1";"NaN";"0,000";"0,000";"Incalculable";"In use"
"";"C6000-B:C2";"I INDEX";"HAEMOL-B";"88270";"1,000";"1,000";"-1,000";"4";"-1,000";"0,000";"0,000";"Incalculable";"In use"
"";"C6000-B:ISE1";"I INDEX";"HAEMOL-B";"88270";"1,000";"1,000";"-1,000";"1";"-1,000";"0,000";"0,000";"Incalculable";"In use"
"";"C6000-A:C1";"IGG CSF";"PNPUC TPC3";"673292";"21,200";"1,700";"-0,753";"40";"-0,060";"19,920";"1,074";"5,392";"In use"
"";"C6000-A:C1";"IGG CSF";"PPPUC TPC3";"646927";"129,000";"10,000";"-0,264";"40";"-0,020";"126,363";"3,356";"2,656";"In use"
"";"C6000-B:C2";"IMMUNOGLOBULIN A";"PCCC 2-B";"535719";"2,260";"0,180";"-0,092";"26";"-0,007";"2,243";"0,035";"1,559";"In use"
"";"C6000-B:C2";"IMMUNOGLOBULIN A";"PCCC 1-B";"525205";"1,540";"0,120";"-0,476";"31";"-0,037";"1,483";"0,028";"1,861";"In use"
"";"C6000-B:C2";"IMMUNOGLOBULIN G";"PCCC 2-B";"535719";"11,200";"0,700";"0,744";"28";"0,047";"11,721";"0,285";"2,433";"In use"
"";"C6000-B:C2";"IMMUNOGLOBULIN G";"PCCC 1-B";"525205";"7,350";"0,440";"0,758";"33";"0,045";"7,684";"0,201";"2,622";"In use"
"";"C6000-B:C2";"IMMUNOGLOBULIN M";"PCCC 2-B";"535719";"1,020";"0,080";"0,456";"26";"0,036";"1,056";"0,019";"1,812";"In use"
"";"C6000-B:C2";"IMMUNOGLOBULIN M";"PCCC 1-B";"525205";"0,623";"0,050";"1,043";"32";"0,084";"0,675";"0,019";"2,831";"In use"
"";"C6000-B:C2";"INORGANIC PHOSPHATE URINE";"Ran-Liq 2";"1209UC";"8,400";"0,840";"0,379";"8";"0,038";"8,719";"0,251";"2,878";"Study"
"";"C6000-B:C2";"INORGANIC PHOSPHATE URINE";"Ran-Liq 3";"1210UC";"13,900";"1,400";"0,413";"8";"0,042";"14,478";"0,205";"1,418";"Study"
"";"C6000-B:C2";"INORGANIC PHOSPHATE URINE";"Ran-Liq 3";"1238UC";"13,800";"1,400";"0,539";"26";"0,055";"14,555";"0,451";"3,102";"In use"
"";"C6000-B:C2";"INORGANIC PHOSPHATE URINE";"Ran-Liq 2";"1237UC";"8,230";"0,830";"0,545";"26";"0,055";"8,682";"0,267";"3,076";"In use"
"";"C6000-A:E1-2";"INSULIN";"RIAP L3";"2181EC";"28,800";"3,600";"-0,092";"45";"-0,012";"28,468";"1,004";"3,529";"In use"
"";"C6000-A:E1-2";"INSULIN";"RIAP L2";"2228EC";"16,100";"2,000";"-0,148";"41";"-0,018";"15,803";"0,875";"5,536";"In use"
"";"LIAISON XL";"Insulin-like growth factor I";"IGF-1 L1";"1412471";"88,850";"9,383";"0,724";"4";"0,076";"95,643";"7,189";"7,516";"In use"
"";"LIAISON XL";"Insulin-like growth factor I";"IGF-1 L2";"1422471";"341,500";"29,167";"-0,267";"4";"-0,023";"333,700";"25,222";"7,558";"In use"
"";"C6000-A:C1";"IRON";"PCCC 1";"525205";"19,300";"1,200";"0,165";"43";"0,010";"19,498";"0,646";"3,315";"In use"
"";"C6000-A:C1";"IRON";"PCCC 2";"535719";"44,200";"2,700";"-0,241";"41";"-0,015";"43,549";"0,683";"1,568";"In use"
"";"C6000-A:C1";"L INDEX";"HAEMOL";"88270";"0,000";"15,000";"0,152";"7";"NaN";"2,286";"1,704";"74,565";"In use"
"";"C6000-A";"L INDEX";"HAEMOL";"88270";"0,000";"15,000";"0,133";"1";"NaN";"2,000";"0,000";"0,000";"In use"
"";"C6000-B:C2";"L INDEX";"HAEMOL-B";"88270";"1,000";"15,000";"0,033";"4";"0,500";"1,500";"1,291";"86,066";"In use"
"";"C6000-B:ISE1";"L INDEX";"HAEMOL-B";"88270";"1,000";"15,000";"0,067";"1";"1,000";"2,000";"0,000";"0,000";"In use"
"";"C6000-B:C2";"LACTATE";"PCCC 2-B";"535719";"3,820";"0,230";"-0,081";"39";"-0,005";"3,801";"0,066";"1,723";"In use"
"";"C6000-B:C2";"LACTATE";"PCCC 1-B";"525205";"1,780";"0,110";"-0,305";"45";"-0,019";"1,746";"0,032";"1,828";"In use"
"";"C6000-A:C1";"LACTATE DEHYDROGENASE";"PCCC 1";"525205";"164,000";"10,000";"0,493";"44";"0,030";"168,932";"4,008";"2,373";"In use"
"";"C6000-A:C1";"LACTATE DEHYDROGENASE";"PCCC 2";"535719";"299,000";"18,000";"0,397";"43";"0,024";"306,140";"9,528";"3,112";"In use"
"";"C6000-B:C2";"LACTATE DEHYDROGENASE";"PCCC 2-B";"535719";"299,000";"18,000";"0,133";"36";"0,008";"301,389";"8,846";"2,935";"In use"
"";"C6000-B:C2";"LACTATE DEHYDROGENASE";"PCCC 1-B";"525205";"164,000";"10,000";"0,407";"42";"0,025";"168,071";"6,482";"3,857";"In use"
"";"C6000-A:C1";"LIPASE";"PCCC 1";"525205";"45,000";"2,700";"-0,460";"48";"-0,028";"43,758";"1,659";"3,791";"In use"
"";"C6000-A:C1";"LIPASE";"PCCC 2";"535719";"100,000";"6,000";"-0,517";"47";"-0,031";"96,900";"3,516";"3,628";"In use"
"";"C6000-B:C2";"LIPOPROTEIN A2";"PC LPA 1";"520719";"44,800";"3,000";"-0,251";"8";"-0,017";"44,048";"1,033";"2,345";"In use"
"";"C6000-B:C2";"LIPOPROTEIN A2";"PC LPA 2";"520720";"112,000";"7,000";"0,546";"8";"0,034";"115,819";"3,991";"3,446";"In use"
"";"C6000-B:C2";"LITHIUM";"PCCC 2-B";"535719";"1,810";"0,070";"-0,113";"43";"-0,004";"1,802";"0,070";"3,885";"In use"
"";"C6000-B:C2";"LITHIUM";"PCCC 1-B";"525205";"0,935";"0,037";"-0,196";"49";"-0,008";"0,928";"0,044";"4,715";"In use"
"";"C6000-A:E1-2";"LUTEINISING HORMONE";"RIAP L3";"2181EC";"55,020";"1,960";"1,289";"41";"0,046";"57,546";"1,251";"2,174";"In use"
"";"C6000-A:E1-2";"LUTEINISING HORMONE";"RIAP L1";"2179EC";"4,260";"0,327";"-0,819";"39";"-0,063";"3,992";"0,124";"3,103";"In use"
"";"C6000-A:C1";"MAGNESIUM";"PCCC 1";"525205";"0,793";"0,032";"0,221";"48";"0,009";"0,800";"0,025";"3,104";"In use"
"";"C6000-A:C1";"MAGNESIUM";"PCCC 2";"535719";"1,360";"0,050";"0,044";"45";"0,002";"1,362";"0,045";"3,282";"In use"
"";"C6000-B:C2";"MAGNESIUM";"PCCC 2-B";"535719";"1,360";"0,050";"-0,151";"47";"-0,006";"1,352";"0,064";"4,735";"In use"
"";"C6000-B:C2";"MAGNESIUM";"PCCC 1-B";"525205";"0,793";"0,032";"-0,145";"53";"-0,006";"0,788";"0,042";"5,371";"In use"
"";"C6000-B:C2";"MAGNESIUM URINE";"Ran-Liq 2";"1209UC";"2,460";"0,250";"-0,245";"8";"-0,025";"2,399";"0,084";"3,505";"Study"
"";"C6000-B:C2";"MAGNESIUM URINE";"Ran-Liq 3";"1210UC";"5,130";"0,520";"-0,310";"8";"-0,031";"4,969";"0,097";"1,944";"Study"
"";"C6000-B:C2";"MAGNESIUM URINE";"Ran-Liq 3";"1238UC";"6,170";"0,620";"0,269";"31";"0,027";"6,337";"0,257";"4,056";"In use"
"";"C6000-B:C2";"MAGNESIUM URINE";"Ran-Liq 2";"1237UC";"2,880";"0,290";"0,481";"31";"0,048";"3,019";"0,159";"5,273";"In use"
"";"DCA UCT";"MALB POC";"DCA MALB/CREAT HIGH";"0060";"210,500";"14,030";"-0,171";"2";"-0,011";"208,100";"3,677";"1,767";"In use"
"";"DCA UCT";"MALB POC";"DCA MALB/ CREAT LOW";"0060";"31,200";"2,067";"-0,701";"2";"-0,046";"29,750";"0,495";"1,664";"In use"
"";"LIAISON XL";"Measles IgG";"Measles IgG NC";"1280260";"5,000";"0,833";"0,000";"4";"0,000";"5,000";"0,000";"0,000";"In use"
"";"LIAISON XL";"Measles IgG";"Measles IgG PC";"1370260";"95,000";"16,667";"0,079";"4";"0,014";"96,325";"2,476";"2,570";"In use"
"";"C6000-A:E1-1";"OESTRADIOL III";"RIAP L3";"2181EC";"1480,000";"148,000";"0,318";"36";"0,032";"1527,083";"28,983";"1,898";"In use"
"";"C6000-A:E1-1";"OESTRADIOL III";"RIAP L1";"2179EC";"198,000";"20,000";"0,647";"38";"0,065";"210,939";"9,922";"4,704";"In use"
"";"OSMO1";"Osmolality";"Serim BIOLIQ 2";"45952";"398,000";"9,300";"0,154";"30";"0,004";"399,433";"3,213";"0,804";"In use"
"";"OSMO1";"Osmolality";"Serim BIOLIQ 1";"45931";"311,000";"3,833";"0,362";"31";"0,004";"312,387";"2,591";"0,829";"In use"
"";"C6000-B:C2";"PARACETAMOL 2";"RIAP L1-B";"2179EC";"153,000";"15,500";"-0,305";"34";"-0,031";"148,271";"6,781";"4,573";"In use"
"";"C6000-B:C2";"PARACETAMOL 2";"RIAP L2-B";"2228EC";"323,000";"21,700";"-0,441";"34";"-0,030";"313,426";"16,837";"5,372";"In use"
"";"C6000-A:E2-1";"PARATHYROID HORMONE";"PC V1";"612148";"6,230";"0,560";"0,048";"45";"0,004";"6,257";"0,349";"5,577";"In use"
"";"C6000-A:E2-1";"PARATHYROID HORMONE";"PC V2";"612151";"20,600";"1,650";"0,232";"16";"0,019";"20,983";"0,465";"2,217";"In use"
"";"C6000-A:E2-1";"PARATHYROID HORMONE";"PC V2";"595765";"19,100";"1,530";"1,427";"24";"0,114";"21,284";"0,950";"4,462";"Study"
"";"C6000-A:C1";"PHOSPHATE";"PCCC 1";"525205";"1,190";"0,060";"-0,543";"47";"-0,027";"1,157";"0,020";"1,723";"In use"
"";"C6000-A:C1";"PHOSPHATE";"PCCC 2";"535719";"2,760";"0,140";"-0,597";"47";"-0,030";"2,676";"0,040";"1,487";"In use"
"";"C6000-B:C2";"PHOSPHATE";"PCCC 2-B";"535719";"2,760";"0,140";"-0,247";"37";"-0,013";"2,725";"0,089";"3,268";"In use"
"";"C6000-B:C2";"PHOSPHATE";"PCCC 1-B";"525205";"1,190";"0,060";"-0,076";"44";"-0,004";"1,185";"0,034";"2,879";"In use"
"";"C6000-B:ISE1";"POTASSIUM";"s-PCCC 2-B";"535719";"7,260";"0,220";"0,214";"85";"0,006";"7,307";"0,095";"1,295";"In use"
"";"C6000-A:ISE1";"POTASSIUM";"s-PCCC 2";"535719";"7,260";"0,220";"0,525";"93";"0,016";"7,375";"0,128";"1,732";"In use"
"";"C6000-A:ISE1";"POTASSIUM";"s-PCCC 1";"525205";"3,490";"0,100";"0,946";"94";"0,027";"3,585";"0,075";"2,094";"In use"
"";"C6000-B:ISE1";"POTASSIUM";"s-PCCC 1-B";"525205";"3,490";"0,100";"0,489";"84";"0,014";"3,539";"0,077";"2,164";"In use"
"";"C6000-B:ISE1";"POTASSIUM URINE";"Ran-Liq 2";"1209UC";"29,200";"2,200";"0,086";"10";"0,006";"29,389";"0,813";"2,765";"Study"
"";"C6000-B:ISE1";"POTASSIUM URINE";"Ran-Liq 3";"1210UC";"71,000";"5,300";"0,488";"10";"0,036";"73,588";"2,561";"3,480";"Study"
"";"C6000-B:ISE1";"POTASSIUM URINE";"Ran-Liq 3";"1238UC";"72,380";"1,480";"0,476";"31";"0,010";"73,085";"1,737";"2,377";"In use"
"";"C6000-B:ISE1";"POTASSIUM URINE";"Ran-Liq 2";"1237UC";"27,500";"2,050";"0,779";"32";"0,058";"29,098";"0,661";"2,270";"In use"
"";"C6000-A:E1-1";"proBNP";"PC CARD1";"629283";"132,000";"7,920";"-0,172";"32";"-0,010";"130,638";"3,150";"2,412";"In use"
"";"C6000-A:E1-1";"proBNP";"PC CARD2";"629284";"4930,000";"296,000";"-0,384";"32";"-0,023";"4816,375";"133,986";"2,782";"In use"
"";"C6000-A:E2-1";"PROCALCITONIN (SENSITIVE)";"PC PCT1";"671597";"0,490";"0,030";"0,374";"35";"0,023";"0,501";"0,013";"2,638";"In use"
"";"C6000-A:E2-1";"PROCALCITONIN (SENSITIVE)";"PC PCT2";"671599";"9,390";"0,560";"-0,340";"35";"-0,020";"9,199";"0,235";"2,550";"In use"
"";"C6000-A:E2-2";"PROGESTERONE III";"RIAP L3";"2181EC";"98,300";"9,750";"0,453";"36";"0,045";"102,719";"5,543";"5,397";"In use"
"";"C6000-A:E2-2";"PROGESTERONE III";"RIAP L1";"2179EC";"3,490";"0,350";"0,697";"37";"0,070";"3,734";"0,387";"10,377";"In use"
"";"C6000-A:E1-2";"PROLACTIN";"RIAP L3";"2181EC";"73,132";"7,300";"-0,435";"36";"-0,043";"69,954";"2,859";"4,087";"In use"
"";"C6000-A:E1-2";"PROLACTIN";"RIAP L2";"2228EC";"33,041";"3,300";"-0,579";"34";"-0,058";"31,129";"1,331";"4,277";"In use"
"";"C6000-A:E2-2";"PROSTATE-SPECIFIC AG";"RIAP L1";"2179EC";"1,630";"0,205";"-0,052";"46";"-0,007";"1,619";"0,049";"3,015";"In use"
"";"C6000-A:E2-2";"PROSTATE-SPECIFIC AG";"RIAP L2";"2228EC";"12,200";"1,525";"-0,010";"46";"-0,001";"12,185";"0,616";"5,059";"In use"
"";"C6000-A:C1";"PROTEIN CSF";"PNPUC TPC3";"673292";"0,218";"0,022";"-0,148";"47";"-0,015";"0,215";"0,006";"2,651";"In use"
"";"C6000-A:C1";"PROTEIN CSF";"PPPUC TPC3";"646927";"1,550";"0,160";"-0,150";"47";"-0,015";"1,526";"0,031";"2,004";"In use"
"";"C6000-A:C1";"PROTEIN URINE";"Ran-Liq 2";"1209UC";"0,140";"0,014";"-0,661";"8";"-0,066";"0,131";"0,005";"3,628";"Study"
"";"C6000-A:C1";"PROTEIN URINE";"Ran-Liq 3";"1210UC";"0,764";"0,077";"-0,085";"8";"-0,009";"0,758";"0,010";"1,301";"Study"
"";"C6000-A:C1";"PROTEIN URINE";"Ran-Liq 3";"1238UC";"0,710";"0,070";"-0,120";"34";"-0,012";"0,702";"0,020";"2,831";"In use"
"";"C6000-A:C1";"PROTEIN URINE";"Ran-Liq 2";"1237UC";"0,130";"0,010";"0,255";"33";"0,020";"0,133";"0,005";"3,411";"In use"
"";"LIAISON XL";"Renin";"RENIN L1";"7520333";"27,785";"2,315";"-0,850";"5";"-0,071";"25,818";"0,945";"3,661";"In use"
"";"LIAISON XL";"Renin";"RENIN L2";"7530333";"109,460";"9,113";"-0,073";"5";"-0,006";"108,792";"7,030";"6,462";"In use"
"";"C6000-B:C2";"RHD3";"PPA1c H";"617429";"9,820";"0,590";"-0,522";"75";"-0,031";"9,512";"0,195";"2,047";"In use"
"";"C6000-B:C2";"RHD3";"PNA1c H";"617428";"5,700";"0,340";"0,085";"75";"0,005";"5,729";"0,100";"1,753";"In use"
"";"C6000-B:C2";"RHEUMATOID FACTOR";"RFCO1";"661133";"22,700";"1,500";"0,835";"27";"0,055";"23,952";"0,687";"2,870";"In use"
"";"C6000-B:C2";"RHEUMATOID FACTOR";"RFCO2";"661134";"51,800";"2,600";"0,640";"27";"0,032";"53,463";"1,318";"2,466";"In use"
"";"C6000-B:E3-1";"RUBELLA IGG";"PC RUBIGG1";"629316";"3,316";"0,150";"-0,105";"41";"-0,005";"3,300";"0,087";"2,628";"Study"
"";"C6000-B:E3-1";"RUBELLA IGG";"PC RUBIGG2";"629317";"57,545";"2,000";"-0,421";"42";"-0,015";"56,703";"1,423";"2,509";"Study"
"";"LIAISON XL";"Rubella IgM";"Rubella IgM NC";"5190440";"10,000";"1,917";"0,000";"5";"0,000";"10,000";"0,000";"0,000";"In use"
"";"LIAISON XL";"Rubella IgM";"Rubella IgM PC";"5560440";"68,000";"11,667";"0,749";"5";"0,129";"76,740";"7,385";"9,623";"In use"
"";"C6000-A:E2-2";"SERUM FOLATE III";"RIAP L3";"2181EC";"21,400";"2,550";"0,761";"49";"0,091";"23,341";"1,552";"6,651";"In use"
"";"C6000-A:E2-2";"SERUM FOLATE III";"RIAP L2";"2228EC";"12,027";"0,715";"0,037";"54";"0,002";"12,054";"0,937";"7,773";"In use"
"";"C6000-A:E2-2";"SEX HORMONE BINDING GLOBULIN";"RIAP L1";"2179EC";"9,700";"0,970";"0,373";"34";"0,037";"10,062";"0,340";"3,380";"In use"
"";"C6000-A:E2-2";"SEX HORMONE BINDING GLOBULIN";"RIAP L2";"2228EC";"34,100";"3,400";"0,400";"38";"0,040";"35,459";"1,136";"3,203";"In use"
"";"C6000-B:ISE1";"SODIUM";"s-PCCC 2-B";"535719";"135,000";"4,000";"0,506";"84";"0,015";"137,024";"1,598";"1,166";"In use"
"";"C6000-A:ISE1";"SODIUM";"s-PCCC 2";"535719";"135,000";"4,000";"0,842";"95";"0,025";"138,368";"1,935";"1,399";"In use"
"";"C6000-A:ISE1";"SODIUM";"s-PCCC 1";"525205";"112,000";"3,000";"0,811";"95";"0,022";"114,432";"1,849";"1,616";"In use"
"";"C6000-B:ISE1";"SODIUM";"s-PCCC 1-B";"525205";"112,000";"3,000";"0,433";"84";"0,012";"113,298";"1,789";"1,579";"In use"
"";"C6000-B:ISE1";"SODIUM URINE";"Ran-Liq 2";"1209UC";"73,600";"4,400";"-0,727";"10";"-0,043";"70,400";"1,265";"1,797";"Study"
"";"C6000-B:ISE1";"SODIUM URINE";"Ran-Liq 3";"1210UC";"167,000";"10,000";"-0,260";"10";"-0,016";"164,400";"1,578";"0,960";"Study"
"";"C6000-B:ISE1";"SODIUM URINE";"Ran-Liq 3";"1238UC";"173,000";"10,500";"-0,130";"33";"-0,008";"171,636";"1,917";"1,117";"In use"
"";"C6000-B:ISE1";"SODIUM URINE";"Ran-Liq 2";"1237UC";"86,800";"5,200";"-0,406";"32";"-0,024";"84,688";"2,867";"3,386";"In use"
"";"C6000-B:E4-1";"SYPHILIS";"PC Syph 2";"653372";"5,460";"0,550";"-0,044";"134";"-0,004";"5,436";"0,235";"4,321";"In use"
"";"C6000-B:E4-2";"SYPHILIS";"PC Syph 2";"653372";"5,460";"0,550";"-0,040";"131";"-0,004";"5,438";"0,224";"4,119";"In use"
"";"C6000-B:E4-1";"SYPHILIS";"PC Syph 1";"653369";"0,077";"0,050";"0,161";"136";"0,104";"0,085";"0,003";"3,268";"In use"
"";"C6000-B:E4-2";"SYPHILIS";"PC Syph 1";"653369";"0,078";"0,050";"0,146";"131";"0,093";"0,086";"0,002";"2,764";"In use"
"";"C6000-A:E2-1";"TESTOSTERONE";"RIAP L3";"2181EC";"28,700";"2,850";"-0,280";"37";"-0,028";"27,903";"1,277";"4,577";"In use"
"";"C6000-A:E2-1";"TESTOSTERONE";"RIAP L2";"2228EC";"14,700";"1,450";"0,292";"35";"0,029";"15,123";"0,541";"3,576";"In use"
"";"C6000-A:E1-1";"THYROGLOBULIN v2";"RIAP L3";"2181EC";"60,000";"7,500";"0,738";"35";"0,092";"65,533";"1,617";"2,468";"In use"
"";"C6000-A:E1-1";"THYROGLOBULIN v2";"RIAP L1";"2179EC";"1,890";"0,235";"0,725";"36";"0,090";"2,060";"0,074";"3,601";"In use"
"";"C6000-B:E3-1";"THYROID STIMULATING HORMONE";"RIAP L1-B";"2179EC";"0,136";"0,014";"-0,370";"41";"-0,037";"0,131";"0,007";"5,723";"In use"
"";"C6000-B:E3-1";"THYROID STIMULATING HORMONE";"RIAP L2-B";"2228EC";"2,540";"0,255";"0,150";"41";"0,015";"2,578";"0,087";"3,361";"In use"
"";"C6000-A:E2-2";"THYROID STIMULATING HORMONE";"RIAP L1";"2179EC";"0,136";"0,014";"-0,684";"59";"-0,068";"0,127";"0,007";"5,680";"In use"
"";"C6000-A:E2-2";"THYROID STIMULATING HORMONE";"RIAP L2";"2228EC";"2,540";"0,255";"0,018";"59";"0,002";"2,545";"0,093";"3,664";"In use"
"";"C6000-A:C1";"TOTAL BILIRUBIN";"MAS BILIRUBIN 3";"BC24033A";"340,000";"22,700";"0,330";"43";"0,022";"347,493";"12,628";"3,634";"In use"
"";"C6000-B:C2";"TOTAL BILIRUBIN";"MAS BILIRUBIN-B";"BC24033A";"340,000";"22,700";"0,098";"36";"0,007";"342,214";"11,835";"3,458";"In use"
"";"C6000-A:C1";"TOTAL BILIRUBIN";"PCCC 1";"525205";"16,400";"1,000";"0,243";"53";"0,015";"16,643";"0,762";"4,578";"In use"
"";"C6000-A:C1";"TOTAL BILIRUBIN";"PCCC 2";"535719";"62,300";"3,700";"0,174";"51";"0,010";"62,943";"2,669";"4,240";"In use"
"";"C6000-B:C2";"TOTAL BILIRUBIN";"PCCC 2-B";"535719";"62,300";"3,700";"-0,217";"39";"-0,013";"61,497";"2,604";"4,234";"In use"
"";"C6000-B:C2";"TOTAL BILIRUBIN";"PCCC 1-B";"525205";"16,400";"1,000";"-0,036";"45";"-0,002";"16,364";"0,692";"4,226";"In use"
"";"C6000-B:C2";"TOTAL CHOLESTEROL";"s-PCCC 2-B";"535719";"4,400";"0,220";"-0,579";"77";"-0,029";"4,273";"0,069";"1,626";"In use"
"";"C6000-A:C1";"TOTAL CHOLESTEROL";"s-PCCC 2";"535719";"4,400";"0,220";"0,154";"76";"0,008";"4,434";"0,120";"2,714";"In use"
"";"C6000-A:C1";"TOTAL CHOLESTEROL";"s-PCCC 1";"525205";"2,420";"0,120";"0,338";"78";"0,017";"2,461";"0,075";"3,053";"In use"
"";"C6000-B:C2";"TOTAL CHOLESTEROL";"s-PCCC 1-B";"525205";"2,420";"0,120";"-0,287";"78";"-0,014";"2,386";"0,041";"1,699";"In use"
"";"C6000-A:C1";"TOTAL PROTEIN";"PCCC 1";"525205";"48,200";"1,900";"-0,810";"52";"-0,032";"46,662";"1,376";"2,949";"In use"
"";"C6000-A:C1";"TOTAL PROTEIN";"PCCC 2";"535719";"76,600";"3,100";"-0,900";"50";"-0,036";"73,810";"2,299";"3,115";"In use"
"";"C6000-B:C2";"TOTAL PROTEIN";"PCCC 2-B";"535719";"76,600";"3,100";"-0,282";"39";"-0,011";"75,726";"2,177";"2,875";"In use"
"";"C6000-B:C2";"TOTAL PROTEIN";"PCCC 1-B";"525205";"48,200";"1,900";"-0,240";"46";"-0,009";"47,743";"1,453";"3,043";"In use"
"";"LIAISON XL";"Toxoplasma IgG";"Toxo IgG NC";"8370470";"3,000";"0,650";"0,000";"4";"0,000";"3,000";"0,000";"0,000";"In use"
"";"LIAISON XL";"Toxoplasma IgG";"Toxo IgG PC";"8380470";"21,614";"3,333";"-0,004";"4";"-0,001";"21,600";"0,920";"4,260";"In use"
"";"LIAISON XL";"Toxoplasma IgM";"Toxo IgM NC";"5380430";"3,331";"0,667";"-0,223";"4";"-0,045";"3,183";"0,212";"6,653";"In use"
"";"LIAISON XL";"Toxoplasma IgM";"Toxo IgM PC";"5610430";"23,000";"4,000";"-0,156";"4";"-0,027";"22,375";"1,880";"8,404";"In use"
"";"C6000-A:C1";"TRANSFERRIN";"PCCC 1";"525205";"1,890";"0,110";"0,200";"54";"0,012";"1,912";"0,041";"2,147";"In use"
"";"C6000-A:C1";"TRANSFERRIN";"PCCC 2";"535719";"3,330";"0,200";"-0,056";"53";"-0,003";"3,319";"0,077";"2,331";"In use"
"";"C6000-A:C1";"TRIGLYCERIDE";"PCCC 1";"525205";"1,340";"0,070";"-0,201";"49";"-0,011";"1,326";"0,019";"1,444";"In use"
"";"C6000-A:C1";"TRIGLYCERIDE";"PCCC 2";"535719";"2,460";"0,120";"-0,326";"47";"-0,016";"2,421";"0,031";"1,286";"In use"
"";"C6000-A:E1-2";"TRI-IODO THYRONINE";"RIAP L1";"2179EC";"4,960";"0,620";"0,008";"38";"0,001";"4,965";"0,158";"3,181";"In use"
"";"C6000-A:E1-2";"TRI-IODO THYRONINE";"RIAP L2";"2228EC";"15,600";"1,950";"-0,152";"37";"-0,019";"15,304";"0,513";"3,350";"In use"
"";"C6000-B:C2";"UREA";"s-PCCC 2-B";"535719";"20,600";"1,000";"-0,646";"80";"-0,031";"19,954";"0,495";"2,481";"In use"
"";"C6000-A:C1";"UREA";"s-PCCC 2";"535719";"20,600";"1,000";"-0,734";"82";"-0,036";"19,866";"0,940";"4,733";"In use"
"";"C6000-A:C1";"UREA";"s-PCCC 1";"525205";"6,760";"0,340";"-0,520";"83";"-0,026";"6,583";"0,317";"4,814";"In use"
"";"C6000-B:C2";"UREA";"s-PCCC 1-B";"525205";"6,760";"0,340";"-0,398";"81";"-0,020";"6,625";"0,165";"2,498";"In use"
"";"C6000-A:C1";"UREA URINE";"Ran-Liq 2";"1209UC";"145,000";"14,500";"0,049";"7";"0,005";"145,714";"2,295";"1,575";"Study"
"";"C6000-B:C2";"UREA URINE";"Ran-Liq 2";"1209UC";"145,000";"14,500";"-0,034";"10";"-0,003";"144,510";"3,566";"2,468";"Study"
"";"C6000-A:C1";"UREA URINE";"Ran-Liq 3";"1210UC";"274,000";"27,500";"-0,123";"7";"-0,012";"270,614";"5,638";"2,083";"Study"
"";"C6000-B:C2";"UREA URINE";"Ran-Liq 3";"1210UC";"274,000";"27,500";"-0,045";"10";"-0,005";"272,750";"6,847";"2,510";"Study"
"";"C6000-B:C2";"UREA URINE";"Ran-Liq 3";"1238UC";"289,000";"29,000";"-0,369";"28";"-0,037";"278,286";"8,199";"2,946";"In use"
"";"C6000-A:C1";"UREA URINE";"Ran-Liq 3";"1238UC";"289,000";"29,000";"-0,007";"20";"-0,001";"288,800";"18,071";"6,257";"In use"
"";"C6000-B:C2";"UREA URINE";"Ran-Liq 2";"1237UC";"149,000";"15,000";"-0,218";"28";"-0,022";"145,725";"4,704";"3,228";"In use"
"";"C6000-A:C1";"UREA URINE";"Ran-Liq 2";"1237UC";"149,000";"15,000";"0,161";"23";"0,016";"151,413";"7,622";"5,034";"In use"
"";"C6000-A:C1";"URIC ACID";"PCCC 1";"525205";"0,282";"0,014";"0,207";"41";"0,010";"0,285";"0,005";"1,895";"In use"
"";"C6000-A:C1";"URIC ACID";"PCCC 2";"535719";"0,595";"0,030";"0,154";"40";"0,008";"0,600";"0,014";"2,253";"In use"
"";"C6000-B:C2";"URIC ACID";"PCCC 2-B";"535719";"0,595";"0,030";"0,376";"33";"0,019";"0,606";"0,012";"1,987";"In use"
"";"C6000-B:C2";"URIC ACID";"PCCC 1-B";"525205";"0,282";"0,014";"0,282";"40";"0,014";"0,286";"0,006";"2,059";"In use"
"";"C6000-B:C2";"URIC ACID URINE";"Ran-Liq 2";"1209UC";"0,540";"0,050";"-0,163";"7";"-0,015";"0,532";"0,011";"2,035";"Study"
"";"C6000-B:C2";"URIC ACID URINE";"Ran-Liq 3";"1210UC";"0,870";"0,090";"-0,102";"7";"-0,011";"0,861";"0,010";"1,141";"Study"
"";"C6000-B:C2";"URIC ACID URINE";"Ran-Liq 3";"1238UC";"0,850";"0,080";"0,363";"25";"0,034";"0,879";"0,020";"2,313";"In use"
"";"C6000-B:C2";"URIC ACID URINE";"Ran-Liq 2";"1237UC";"0,530";"0,050";"0,251";"25";"0,024";"0,543";"0,017";"3,154";"In use"
"";"OSMO1";"Urine osmolality";"Randox Urine QC 2";"1209UC";"414,000";"41,500";"0,024";"7";"0,002";"415,000";"3,958";"0,954";"Study"
"";"OSMO1";"Urine osmolality";"Randox Urine QC 3";"1210UC";"804,800";"4,570";"0,763";"7";"0,004";"808,286";"4,572";"0,566";"Study"
"";"Osmometer3320";"Urine osmolality";"Ran-Liq 3";"1238UC";"874,000";"87,500";"-0,331";"1";"-0,033";"845,000";"0,000";"0,000";"In use"
"";"OSMO1";"Urine osmolality";"Ran-Liq 3";"1238UC";"829,477";"6,181";"-0,149";"9";"-0,001";"828,556";"5,199";"0,627";"In use"
"";"Osmometer3320";"Urine osmolality";"Ran-Liq 2";"1237UC";"440,000";"44,000";"0,068";"1";"0,007";"443,000";"0,000";"0,000";"In use"
"";"OSMO1";"Urine osmolality";"Ran-Liq 2";"1237UC";"437,063";"5,905";"-0,434";"8";"-0,006";"434,500";"2,878";"0,662";"In use"
"";"OSMO1";"Urine osmolality";"Randox Urine QC 2";"1237UC";"440,000";"44,000";"-0,089";"15";"-0,009";"436,067";"3,751";"0,860";"In use"
"";"OSMO1";"Urine osmolality";"Randox Urine QC 3";"1238UC";"874,000";"87,500";"-0,486";"13";"-0,049";"831,462";"6,565";"0,790";"In use"
"";"LIAISON XL";"Varicella Zoster Virus IgG";"VZV IgG Neg";"6930400";"28,688";"9,167";"0,511";"4";"0,163";"33,373";"2,944";"8,821";"In use"
"";"LIAISON XL";"Varicella Zoster Virus IgG";"VZV IgG Pos";"6940420";"435,000";"83,333";"-0,291";"4";"-0,056";"410,725";"9,031";"2,199";"In use"
"";"C6000-A:E1-2";"VITAMIN B12 II";"RIAP L1";"2179EC";"154,000";"15,500";"0,260";"59";"0,026";"158,027";"9,676";"6,123";"In use"
"";"C6000-A:E1-2";"VITAMIN B12 II";"RIAP L2";"2228EC";"417,000";"41,500";"0,581";"54";"0,058";"441,096";"15,886";"3,602";"In use"

"14/08/2023 14:38"